{
    "Донецька область": [
        "﻿Авдіївка",
        "Амвросіївка",
        "Бахмут",
        "Білицьке",
        "Білозерське",
        "Бунге",
        "Волноваха",
        "Вуглегірськ",
        "Вугледар",
        "Гірник",
        "Горлівка",
        "Дебальцеве",
        "Добропілля",
        "Докучаєвськ",
        "Донецьк",
        "Дружківка",
        "Єнакієве",
        "Жданівка",
        "Залізне",
        "Зугрес",
        "Іловайськ",
        "Кальміуське",
        "Костянтинівка",
        "Краматорськ",
        "Красногорівка",
        "Курахове",
        "Лиман",
        "Макіївка",
        "Маріуполь",
        "Мар'їнка",
        "Миколаївка",
        "Мирноград",
        "Моспине",
        "Новоазовськ",
        "Новогродівка",
        "Покровськ",
        "Родинське",
        "Світлодарськ",
        "Святогірськ",
        "Селидове",
        "Сіверськ",
        "Слов'янськ",
        "Сніжне",
        "Соледар",
        "Торецьк",
        "Українськ",
        "Харцизьк",
        "Хрестівка",
        "Часів Яр",
        "Чистякове",
        "Шахтарськ",
        "Ясинувата"
    ],
    "Луганська область": [
        "Алмазна",
        "Алчевськ",
        "Антрацит",
        "Боково-Хрустальне",
        "Брянка",
        "Вознесенівка",
        "Гірське",
        "Голубівка",
        "Довжанськ",
        "Зимогір'я",
        "Золоте",
        "Зоринськ",
        "Ірміно",
        "Кадіївка",
        "Кипуче",
        "Кремінна",
        "Лисичанськ",
        "Луганськ",
        "Лутугине",
        "Міусинськ",
        "Новодружеськ",
        "Олександрівськ",
        "Отаманівка",
        "Перевальськ",
        "Петрово-Красносілля",
        "Попасна",
        "Привілля",
        "Ровеньки",
        "Рубіжне",
        "Сватове",
        "Сіверськодонецьк",
        "Сокологірськ",
        "Сорокине",
        "Старобільськ",
        "Суходільськ",
        "Хрустальний",
        "Щастя"
    ],
    "Автономна Республіка Крим": [
        "Алупка",
        "Алушта",
        "Армянськ",
        "Бахчисарай",
        "Білогірськ",
        "Джанкой",
        "Євпаторія",
        "Інкерман",
        "Керч",
        "Саки",
        "Сімферополь",
        "Старий Крим",
        "Судак",
        "Феодосія",
        "Щолкіне",
        "Ялта",
        "Яни Капу"
    ],
    "Одеська область": [
        "Ананьїв",
        "Арциз",
        "Балта",
        "Березівка",
        "Білгород-Дністровський",
        "Біляївка",
        "Болград",
        "Вилкове",
        "Ізмаїл",
        "Кілія",
        "Кодима",
        "Одеса",
        "Південне",
        "Подільськ",
        "Рені",
        "Роздільна",
        "Татарбунари",
        "Теплодар",
        "Чорноморськ"
    ],
    "Житомирська область": [
        "Андрушівка",
        "Баранівка",
        "Бердичів",
        "Житомир",
        "Звягель",
        "Коростень",
        "Коростишів",
        "Малин",
        "Овруч",
        "Олевськ",
        "Радомишль",
        "Чуднів"
    ],
    "Дніпропетровська область": [
        "Апостолове",
        "Верхівцеве",
        "Верхньодніпровськ",
        "Вільногірськ",
        "Дніпро",
        "Жовті Води",
        "Зеленодольськ",
        "Кам'янське",
        "Кривий Ріг",
        "Марганець",
        "Нікополь",
        "Павлоград",
        "Перещепине",
        "Підгороднє",
        "Покров",
        "П'ятихатки",
        "Самар",
        "Синельникове",
        "Тернівка",
        "Шахтарське"
    ],
    "Черкаська область": [
        "Багачеве",
        "Городище",
        "Жашків",
        "Звенигородка",
        "Золотоноша",
        "Кам'янка",
        "Канів",
        "Корсунь-Шевченківський",
        "Монастирище",
        "Сміла",
        "Тальне",
        "Умань",
        "Христинівка",
        "Черкаси",
        "Чигирин",
        "Шпола"
    ],
    "Харківська область": [
        "Балаклія",
        "Барвінкове",
        "Берестин",
        "Богодухів",
        "Валки",
        "Вовчанськ",
        "Дергачі",
        "Златопіль",
        "Зміїв",
        "Ізюм",
        "Куп'янськ",
        "Лозова",
        "Люботин",
        "Мерефа",
        "Південне",
        "Слобожанське",
        "Харків",
        "Чугуїв"
    ],
    "Вінницька область": [
        "Бар",
        "Бершадь",
        "Вінниця",
        "Гайсин",
        "Гнівань",
        "Жмеринка",
        "Іллінці",
        "Калинівка",
        "Козятин",
        "Ладижин",
        "Липовець",
        "Могилів-Подільський",
        "Немирів",
        "Погребище",
        "Тульчин",
        "Хмільник",
        "Шаргород",
        "Ямпіль"
    ],
    "Чернігівська область": [
        "Батурин",
        "Бахмач",
        "Бобровиця",
        "Борзна",
        "Городня",
        "Ічня",
        "Корюківка",
        "Мена",
        "Ніжин",
        "Новгород-Сіверський",
        "Носівка",
        "Остер",
        "Прилуки",
        "Семенівка",
        "Сновськ",
        "Чернігів"
    ],
    "Миколаївська область": [
        "Баштанка",
        "Вознесенськ",
        "Миколаїв",
        "Нова Одеса",
        "Новий Буг",
        "Очаків",
        "Первомайськ",
        "Південноукраїнськ",
        "Снігурівка"
    ],
    "Львівська область": [
        "Белз",
        "Бібрка",
        "Борислав",
        "Броди",
        "Буськ",
        "Великі Мости",
        "Винники",
        "Глиняни",
        "Городок",
        "Добромиль",
        "Дрогобич",
        "Дубляни",
        "Жидачів",
        "Жовква",
        "Золочів",
        "Кам'янка-Бузька",
        "Комарно",
        "Львів",
        "Миколаїв",
        "Моршин",
        "Мостиська",
        "Новий Калинів",
        "Новий Розділ",
        "Новояворівськ",
        "Перемишляни",
        "Пустомити",
        "Рава-Руська",
        "Радехів",
        "Рудки",
        "Самбір",
        "Сколе",
        "Сокаль",
        "Соснівка",
        "Старий Самбір",
        "Стебник",
        "Стрий",
        "Судова Вишня",
        "Трускавець",
        "Турка",
        "Угнів",
        "Хирів",
        "Ходорів",
        "Шептицький",
        "Яворів"
    ],
    "Запорізька область": [
        "Бердянськ",
        "Василівка",
        "Вільнянськ",
        "Гуляйполе",
        "Дніпрорудне",
        "Енергодар",
        "Запоріжжя",
        "Кам'янка-Дніпровська",
        "Мелітополь",
        "Молочанськ",
        "Оріхів",
        "Пологи",
        "Приморськ",
        "Токмак"
    ],
    "Закарпатська область": [
        "Берегове",
        "Виноградів",
        "Іршава",
        "Мукачево",
        "Перечин",
        "Рахів",
        "Свалява",
        "Тячів",
        "Ужгород",
        "Хуст",
        "Чоп"
    ],
    "Тернопільська область": [
        "Бережани",
        "Борщів",
        "Бучач",
        "Заліщики",
        "Збараж",
        "Зборів",
        "Копичинці",
        "Кременець",
        "Ланівці",
        "Монастириська",
        "Підгайці",
        "Почаїв",
        "Скалат",
        "Теребовля",
        "Тернопіль",
        "Хоростків",
        "Чортків",
        "Шумськ"
    ],
    "Київська область": [
        "Березань",
        "Біла Церква",
        "Богуслав",
        "Бориспіль",
        "Боярка",
        "Бровари",
        "Буча",
        "Васильків",
        "Вишгород",
        "Вишневе",
        "Ірпінь",
        "Кагарлик",
        "Миронівка",
        "Обухів",
        "Переяслав",
        "Прип'ять",
        "Ржищів",
        "Сквира",
        "Славутич",
        "Тараща",
        "Тетіїв",
        "Узин",
        "Українка",
        "Фастів",
        "Чорнобиль",
        "Яготин"
    ],
    "Рівненська область": [
        "Березне",
        "Вараш",
        "Дубно",
        "Дубровиця",
        "Здолбунів",
        "Корець",
        "Костопіль",
        "Острог",
        "Радивилів",
        "Рівне",
        "Сарни"
    ],
    "Волинська область": [
        "Берестечко",
        "Володимир",
        "Горохів",
        "Камінь-Каширський",
        "Ківерці",
        "Ковель",
        "Луцьк",
        "Любомль",
        "Нововолинськ",
        "Олика",
        "Рожище",
        "Устилуг"
    ],
    "Херсонська область": [
        "Берислав",
        "Генічеськ",
        "Гола Пристань",
        "Каховка",
        "Нова Каховка",
        "Олешки",
        "Скадовськ",
        "Таврійськ",
        "Херсон"
    ],
    "Сумська область": [
        "Білопілля",
        "Буринь",
        "Ворожба",
        "Глухів",
        "Конотоп",
        "Кролевець",
        "Лебедин",
        "Охтирка",
        "Путивль",
        "Ромни",
        "Середина-Буда",
        "Суми",
        "Тростянець",
        "Хутір-Михайлівський",
        "Шостка"
    ],
    "Кіровоградська область": [
        "Благовіщенське",
        "Бобринець",
        "Гайворон",
        "Долинська",
        "Знам'янка",
        "Кропивницький",
        "Мала Виска",
        "Новомиргород",
        "Новоукраїнка",
        "Олександрія",
        "Помічна",
        "Світловодськ"
    ],
    "Івано-Франківська область": [
        "Болехів",
        "Бурштин",
        "Галич",
        "Городенка",
        "Долина",
        "Івано-Франківськ",
        "Калуш",
        "Коломия",
        "Косів",
        "Надвірна",
        "Рогатин",
        "Снятин",
        "Тисмениця",
        "Тлумач",
        "Яремче"
    ],
    "Чернівецька область": [
        "Вашківці",
        "Вижниця",
        "Герца",
        "Заставна",
        "Кіцмань",
        "Новодністровськ",
        "Новоселиця",
        "Сокиряни",
        "Сторожинець",
        "Хотин",
        "Чернівці"
    ],
    "Хмельницька область": [
        "Волочиськ",
        "Городок",
        "Деражня",
        "Дунаївці",
        "Ізяслав",
        "Кам'янець-Подільський",
        "Красилів",
        "Нетішин",
        "Полонне",
        "Славута",
        "Старокостянтинів",
        "Хмельницький",
        "Шепетівка"
    ],
    "Полтавська область": [
        "Гадяч",
        "Глобине",
        "Горішні Плавні",
        "Гребінка",
        "Заводське",
        "Зіньків",
        "Карлівка",
        "Кобеляки",
        "Кременчук",
        "Лохвиця",
        "Лубни",
        "Миргород",
        "Пирятин",
        "Полтава",
        "Решетилівка",
        "Хорол"
    ],
    "Київ, міськрада": [
        "Київ"
    ],
    "Севастополь, міськрада": [
        "Севастополь"
    ]
}