область,назва,адреса,єдрпоу,lat,lon,place_id,formatted_address
КИЇВСЬКА,КНП ФАСТІВСЬКОЇ МІСЬКОЇ РАДИ "ФАСТІВСЬКИЙ МІСЬКИЙ ЦЕНТР ПЕРВИННОЇ МЕДИЧНОЇ ДОПОМОГИ","Київська, будинок 57",1107935,50.0801,29.9173,TEST_PLACE_ID_1,"Kyivska St, Fastiv, Kyiv Oblast, Ukraine"
РІВНЕНСЬКА,КНП "МІСЬКА ЛІКАРНЯ №2" РІВНЕНСЬКОЇ МІСЬКОЇ РАДИ,"вул. Соборна, будинок 10",1111032,50.6199,26.2516,TEST_PLACE_ID_2,"Soborna St, Rivne, Rivne Oblast, Ukraine"
ВІННИЦЬКА,ВІННИЦЬКИЙ НАЦІОНАЛЬНИЙ МЕДИЧНИЙ УНІВЕРСИТЕТ ІМ. М.І.ПИРОГОВА,"вул. Пирогова, будинок 56",2010669,49.2139,28.4183,TEST_PLACE_ID_3,"Pyrohova St, Vinnytsia, Vinnytsia Oblast, Ukraine"
